{"cameraMode":{"drawMode":0,"name":"Shaded","section":"Shading Mode"},"sceneLighting":true,"audioPlay":false,"sceneViewState":{"m_AlwaysRefresh":false,"showFog":true,"showSkybox":true,"showFlares":true,"showImageEffects":true,"showParticleSystems":true,"showVisualEffectGraphs":true,"m_FxEnabled":true},"in2DMode":false,"pivot":{"x":30.385345458984376,"y":3.771690607070923,"z":4.30976676940918},"rotation":{"x":0.010818828828632832,"y":0.7074459791183472,"z":-0.010831387713551522,"w":0.7066025137901306},"size":4.426819801330566,"orthographic":false}